,Company Names
0,Digital Health Intelligence Ltd
1,"Proteus Digital Health, Inc"
2,Digital Health & Care Innovation Centre
3,Digital Health Forward
4,Digital Health Coalition
5,Australian Digital Health Agency
6,Digital Health Institute for Transformation (DHIT)
7,Digital Health Canada
8,Digital Health Solutions
9,NHS Digital
10,This Week in Digital Health
11,Digital Health Today
12,Global Digital Health Network
13,UCSF | Health Hub: Digital Health Awards
14,Thryve Digital Health LLP
15,Australasian Institute of Digital Health (AIDH)
16,Telemedi - Digital Health Platform
17,Digital Health Insights
18,Digital Health Forward Podcast
19,Digital Health PORT
