,Title,Link,About
0,Stocks - Bloomberg,https://www.bloomberg.com/markets/stocks,"Updated world stock indexes. Get an overview of major world indexes, current values and stock market data."
1,Stock Definition - Investopedia,https://www.investopedia.com/terms/s/stock.asp,A stock (also known as equity) is a security that represents the ownership of a fraction of a corporation. This entitles the owner of the stock to a ...
2,"Yahoo Finance - Stock Market Live, Quotes, Business ...",https://finance.yahoo.com/,"At Yahoo Finance, you get free stock quotes, up-to-date news, portfolio management resources, international market data, social interaction and mortgage ..."
3,"Stock Market Data - Dow Jones, Nasdaq, S&amp - CNN ...",https://money.cnn.com/data/markets,"US Index Futures · Dow Futures33,479.001.51%515.00 · Nasdaq Futures13,838.750.91%127.75 · S&P Futures4,284.250.01%0.25."
4,Stocks | Investor.gov,https://www.investor.gov/introduction-investing/investing-basics/investment-products/stocks,What are stocks? Stocks are a type of security that gives stockholders a share of ownership in a company. Stocks also are called “equities.”
5,Stock Market News - CNBC,https://www.cnbc.com/stocks/,"In-depth market analysis, real-time stock market data, research and ... trades on CNBC Wednesday: Pros are buying these financial and tech stocks right now."
6,Stocks | FINRA.org,https://www.finra.org/investors/learn-to-invest/types-investments/stocks,"Stocks represent ownership shares, also known as equity shares. Whether you make or lose money on a stock depends on the success or failure of the company, ..."
7,MarketWatch: Stock Market News - Financial News ...,https://www.marketwatch.com/,"MarketWatch provides the latest stock market, financial and business news. Get stock market quotes, personal finance advice, company news and more."
8,"Stocks rise, oil prices soar as investors eye Russia's war ...",https://news.yahoo.com/stock-market-news-live-updates-march-2-2022-231352427.html,"Stocks rose on Wednesday to recover some steep losses from earlier this week, with jitters over Russia's war in Ukraine and its implications ..."
9,10 dividend stocks that Jim Cramer says should be on ... - CNBC,https://www.cnbc.com/2022/03/02/10-dividend-stocks-that-jim-cramer-says-should-be-on-your-shopping-list.html,"A stock's dividend yield increases as its share price falls. As a result, sometimes companies with high-yielding stocks may have an underlying ..."
10,NYSE: The New York Stock Exchange,https://www.nyse.com/,The New York Stock Exchange is where icons and disruptors come to build on their success and shape the future. We've created the world's largest and most ...
11,"Google Finance - Stock Market Prices, Real-time Quotes ...",https://www.google.com/finance/,Today's financial news. Top stories. Local market. World markets. News is loading. Earnings calendar. Based on popular stocks.
12,Stock Market Data with Stock Price Feeds | Nasdaq,https://www.nasdaq.com/market-activity/stocks,"Find stock quotes, interactive charts, historical information, company news and stock analysis on all public companies from Nasdaq."
13,"Nasdaq: Daily Stock Market Overview, Data Updates, Reports ...",https://www.nasdaq.com/,"Get the latest stock market news, stock information & quotes, data analysis reports, as well as a general overview of the market landscape from Nasdaq."
14,Stock Market Headlines | Reuters,https://www.reuters.com/markets/stocks,"Nikkei Stock Average 225 .N225. 26,393.03, --, --. unchanged. Hang Seng Index .HSI. 22,343.92, --, --. trading higher. ASX All Ordinaries Index."
15,"Stocks - News, Articles, Biography, Photos - WSJ.com",https://www.wsj.com/news/markets/stocks,"Stock indexes rose and oil prices jumped, as Russia pounded Ukrainian cities and investors evaluated testimony from Federal Reserve Chairman Jerome Powell."
16,Stocks | Category | Fox Business,https://www.foxbusiness.com/category/stocks,Bullish stock investors took a cue from Fed Chair Jerome Powell sending equities higher. The way to buy Tesla is on the dip: Ken Mahoney video. Politics ...
17,Find the Best Stocks to Buy Today - US News Money,https://money.usnews.com/investing/stocks,Find new investments and research thousands of stocks at U.S. News Best Stocks. We rank or compare stocks based on popular investment metrics.
