,Probability,Title,Link,About,Detected Words
2,0.6,More than just a doctor on your phone - Babylon Health,https://www.babylonhealth.com/en-us,"Babylon gives you 24/7, all-in-one healthcare · What we offer · Affordable and accessible healthcare in the hands of everyone on Earth · We're working with ...","['personalized', 'AI', '24/7']"
6,0.6,Sensely: Conversational AI to improve health and drive ...,https://www.sensely.com/,"Sensely is an empathy-driven conversational platform powered by world-class content, designed to enhance the member experience, elevate brand preference, ...","['personalized', 'AI', '24/7']"
1,0.2,Youper: Online Therapy With Or Without Insurance,https://www.youper.ai/,"Youper uses Cognitive Behavioral Therapy, the most effective solution for anxiety and depression. What our patients are saying.",['24/7']
3,0.2,Florence Health,https://florencehealth.com/,Florence is a one-of-a-kind primary care provider exclusively serving Medicare patients. Because it's past time you get the VIP care you deserve. Get Started ...,['24/7']
5,0.2,Health. Powered by Ada.,https://ada.com/,"Hi. We're Ada. Our app helps people manage their health, and our enterprise solutions help our partners improve health and care.",['AI']
7,0.2,Buoy Health: Check Symptoms & Find the Right Care,https://www.buoyhealth.com/,"Check your symptoms and clarify your options for care. The Buoy A.I. health assistant guides you on your way to well, the moment you feel sick.",['AI']
8,0.2,Infermedica: Guide your patients to the right care,https://infermedica.com/,"Infermedica helps insurance, healthcare and pharmaceutical companies increase efficiency, improve patient flow, and reduce costs.",['AI']
10,0.2,Woebot Health: Relational Agent for Mental Health,https://woebothealth.com/,"Meet Woebot, your personal mental health ally that helps you get back to feeling like yourself. Grounded in clinical research and powered by AI, Woebot is ...",['personalized']
0,0.0,OneRemission - KeenEthics,"https://keenethics.com/project-one-remission#:~:text=OneRemission%20is%20a%20company%20headquartered,%2C%20safer%2C%20and%20more%20enjoyable.",The search engine for cancer survivors · Websites in the search results are handpicked & checked by Integrative Oncologists · We don't store & share your search ...,[]
4,0.0,Healthily vs Healthfully? Which is Correct? - One Minute English,https://oneminuteenglish.org/en/healthily-vs-healthfully/,The path to perfect health starts with self-care and Healthily is here to guide you step by step.,[]
9,0.0,GYANT: Homepage,https://gyant.com/,GYANT automates and orchestrates patient journeys for health systems from patient acquisition through care delivery and retention.,[]
